"Name","Type","2024","Province","Population ","Revenue","Number_of_Hospitals"
"Alfonso","Municipality","0","Cavite","51,839","339,494,758.17","1"
"Amadeo","Municipality","0","Cavite","41,901","21,706,496.81","0"
"Bacoor","City","1","Cavite","664, 625","3,036,774,027.22","8"
"Carmona","Municipality","0","Cavite","106,256","1,133,964,014.92","1"
"Cavite City","City","0","Cavite","100,674","164,306,615.03","4"
"Dasmari√±as","City","146","Cavite","703,141","3,788,372,700.33","6"
"General Emilio Aguinaldo","Municipality","19","Cavite","23,973","20,788,236.50","0"
"General Mariano Alvarez","Municipality","0","Cavite","155,143","620,937,061.13","0"
"General Trias","City","29","Cavite","450,583","3,236,141,541.15","4"
"Imus","City","0","Cavite","403,785","1,107,896,329.13","7"
"Indang","Municipality","0","Cavite","65,599","336,268,441.16","0"
"Kawit","Municipality","9","Cavite","107,535","504,922,134.80","2"
"Magallanes","Municipality","0","Cavite","21,604","173,057,241.57","0"
"Maragondon","Municipality","0","Cavite","37,720","31,464,592.97","0"
"Mendez","Municipality","42","Cavite","34,879","9,773,783.42","1"
"Naic","Municipality","43","Cavite","160,987","132,153,520.50","2"
"Noveleta","Municipality","0","Cavite","45,846","49,478,486.32","1"
"Rosario","Municipality","66","Cavite","110,706","984,863,519.79","1"
"Silang","Municipality","55","Cavite","295,644","1,353,016,103.70","3"
"Tagaytay","City","122","Cavite","71,181","793,154,872.73","1"
"Tanza","Municipality","0","Cavite","312,116","1,151,989,422.63","4"
"Ternate","Municipality","0","Cavite","24,654","223,269,787.67","0"
"Trece Martires","City","0","Cavite","210,503","1,360,859,173.42","2"
"","","","","","",""
"","","","","","",""
